curso;requisito
Análisis Técnico Básico;Introducción a la Inversión
Planificación para la Jubilación;Gestión de Finanzas Personales
Inversión en Bienes Raíces;Introducción a la Inversión
Nuevos Horizontes: Cripto y Materias Primas;Análisis Técnico Básico
Valoración de Activos y Gestión del Riesgo;Análisis Técnico Básico
Valoración de Activos y Gestión del Riesgo;Explorando la Renta Fija
Gestión de Carteras y Derivados;Valoración de Activos y Gestión del Riesgo
Gestión de Carteras y Derivados;Análisis Técnico Básico
Inversión en Capital Privado;Valoración de Activos y Gestión del Riesgo
Inversión en Capital Privado;Inversión en Bienes Raíces
